{"Provider_State":"FL","sum_Total_Discharges":2834,"sum_Average_Covered_Charges":2780246.3400000003}
{"Provider_State":"NY","sum_Total_Discharges":3105,"sum_Average_Covered_Charges":2513650.1299999994}
{"Provider_State":"NJ","sum_Total_Discharges":1636,"sum_Average_Covered_Charges":2513063.5500000007}
{"Provider_State":"TX","sum_Total_Discharges":1423,"sum_Average_Covered_Charges":2014695.37}
{"Provider_State":"PA","sum_Total_Discharges":1655,"sum_Average_Covered_Charges":1881081.4000000001}
{"Provider_State":"IL","sum_Total_Discharges":1972,"sum_Average_Covered_Charges":1510758.9900000002}
{"Provider_State":"OH","sum_Total_Discharges":1301,"sum_Average_Covered_Charges":830587.6999999998}
{"Provider_State":"NC","sum_Total_Discharges":1067,"sum_Average_Covered_Charges":684357.6599999999}
{"Provider_State":"MI","sum_Total_Discharges":1242,"sum_Average_Covered_Charges":681389.0399999998}
{"Provider_State":"VA","sum_Total_Discharges":770,"sum_Average_Covered_Charges":629330.36}
{"Provider_State":"GA","sum_Total_Discharges":672,"sum_Average_Covered_Charges":629295.3999999999}
{"Provider_State":"IN","sum_Total_Discharges":833,"sum_Average_Covered_Charges":568299.39}
{"Provider_State":"MA","sum_Total_Discharges":1065,"sum_Average_Covered_Charges":546696.1}
{"Provider_State":"MO","sum_Total_Discharges":675,"sum_Average_Covered_Charges":519698.17}
{"Provider_State":"SC","sum_Total_Discharges":548,"sum_Average_Covered_Charges":478322.2199999999}
{"Provider_State":"TN","sum_Total_Discharges":496,"sum_Average_Covered_Charges":421284.15}
{"Provider_State":"MN","sum_Total_Discharges":491,"sum_Average_Covered_Charges":377092.2800000001}
{"Provider_State":"MD","sum_Total_Discharges":1280,"sum_Average_Covered_Charges":368242.4100000001}
{"Provider_State":"WI","sum_Total_Discharges":537,"sum_Average_Covered_Charges":358734.68}
{"Provider_State":"NV","sum_Total_Discharges":160,"sum_Average_Covered_Charges":320449.85}
{"Provider_State":"KY","sum_Total_Discharges":519,"sum_Average_Covered_Charges":309604.51}
{"Provider_State":"MS","sum_Total_Discharges":332,"sum_Average_Covered_Charges":278629.56}
{"Provider_State":"KS","sum_Total_Discharges":226,"sum_Average_Covered_Charges":273215.25}
{"Provider_State":"OK","sum_Total_Discharges":224,"sum_Average_Covered_Charges":271725.67999999993}
{"Provider_State":"LA","sum_Total_Discharges":237,"sum_Average_Covered_Charges":248440.22}
{"Provider_State":"WA","sum_Total_Discharges":162,"sum_Average_Covered_Charges":235134.06}
{"Provider_State":"IA","sum_Total_Discharges":188,"sum_Average_Covered_Charges":172704.14}
{"Provider_State":"NH","sum_Total_Discharges":143,"sum_Average_Covered_Charges":124276.56}
{"Provider_State":"ME","sum_Total_Discharges":141,"sum_Average_Covered_Charges":119447.54999999999}
{"Provider_State":"WV","sum_Total_Discharges":200,"sum_Average_Covered_Charges":117288.15}
{"Provider_State":"NM","sum_Total_Discharges":72,"sum_Average_Covered_Charges":109314.12}
{"Provider_State":"NE","sum_Total_Discharges":102,"sum_Average_Covered_Charges":100860.51999999999}
{"Provider_State":"RI","sum_Total_Discharges":62,"sum_Average_Covered_Charges":72662.93}
{"Provider_State":"OR","sum_Total_Discharges":56,"sum_Average_Covered_Charges":67240.06}
{"Provider_State":"SD","sum_Total_Discharges":40,"sum_Average_Covered_Charges":56928.53}
{"Provider_State":"MT","sum_Total_Discharges":63,"sum_Average_Covered_Charges":51041.51}
{"Provider_State":"UT","sum_Total_Discharges":28,"sum_Average_Covered_Charges":40495.45}
{"Provider_State":"HI","sum_Total_Discharges":19,"sum_Average_Covered_Charges":27601}
{"Provider_State":"VT","sum_Total_Discharges":28,"sum_Average_Covered_Charges":18529.39}
{"Provider_State":"WY","sum_Total_Discharges":15,"sum_Average_Covered_Charges":16099.86}
{"Provider_State":"ND","sum_Total_Discharges":19,"sum_Average_Covered_Charges":15473.68}
{"Provider_State":"ID","sum_Total_Discharges":12,"sum_Average_Covered_Charges":15237.58}
